title,company,location,link
Python Developer,Seen by Indeed,"San Francisco, CA",https://www.indeed.com/viewjob?jk=8bb8de8d547e3215
Model/Anlys/Valid Sr Analyst,Citi,"Tampa, FL",https://www.indeed.com/viewjob?jk=da5a876b819c2659
Systems Engineer,Ascolta,"Hampton, VA",https://www.indeed.com/viewjob?jk=ec7c3cfda0044c3b
"Software Engineering, Many Specialties",Lumin,"Charlottesville, VA",https://www.indeed.com/viewjob?jk=86392dc6865df0bf
Python Developer,StarsHR,"Pittsburgh, PA",https://www.indeed.com/viewjob?jk=c0f2a0218e9a8715
Splunk Developer,Noblis,"Reston, VA",https://www.indeed.com/viewjob?jk=a2cadea9c4fe6bc6
Python Software Engineers (Hiring at various levels),Capital One - US,"Vienna, VA",https://www.indeed.com/viewjob?jk=6470a45f0d3c5b36
Python AWS API Developer,Avancer Corporation,"McLean, VA",https://www.indeed.com/viewjob?jk=e1fdf77742cab784
Python Instrutor/ Teacher,World.com,"New York, NY",https://www.indeed.com/viewjob?jk=dee0b34b73116d43
Python Developer with SSIS,Tequent Inc,"Charlotte, NC",https://www.indeed.com/viewjob?jk=eb76716016d55881
Python Developer,Jnit Technologies,"Research Triangle Park, NC",https://www.indeed.com/viewjob?jk=f11962a3f0784d82
Tableau Developer,Numerodata LLC,"Herndon, VA",https://www.indeed.com/viewjob?jk=586fe3a5b3380e77
Entry level python developer,Dataquest corp,"Austin, MN",https://www.indeed.com/viewjob?jk=124890294bd367a2
Hiring Python Developer (GC/USC/H4 on W2),adwait,"Atlanta, GA",https://www.indeed.com/viewjob?jk=ec756f7d14cafe26
Python Developer,Expedite Technology Solutions,"Seattle, WA",https://www.indeed.com/viewjob?jk=50c6c03e615abd5e
Pyspark and Python Consultant,Accelalpha,"Seattle, WA",https://www.indeed.com/viewjob?jk=e8ff002273e18e20
Python Developer,"Visionet Systems, Inc","Pittsburgh, PA",https://www.indeed.com/viewjob?jk=0cde28f262a0353f
Python Developer,Data Concepts,"Richmond, VA",https://www.indeed.com/viewjob?jk=3ee8e369c668e2f7
C++ Developer,Amiti Consulting Corp,"Reston, VA",https://www.indeed.com/viewjob?jk=40bd6136723c5000
Python Developer,Vision Technology Services,"Baltimore, MD",https://www.indeed.com/viewjob?jk=8a4582430170cf96
Python Developer,kaavinc,"Des Moines, IA",https://www.indeed.com/viewjob?jk=b092aa52f16f0153
Python Developer,Clairvoyant,"Fort Mill, SC",https://www.indeed.com/viewjob?jk=88cbb0c8872edb55
"Cloud Engineer - Python, AWS","Computer Enterprises, Inc.","Philadelphia, PA",https://www.indeed.com/viewjob?jk=88018eebc45aa854
Python Developer,Y-AXIS,"Atlanta, GA",https://www.indeed.com/viewjob?jk=df38dfbb537268c7
Python Developer,Pricesenz,"Minneapolis, MN",https://www.indeed.com/viewjob?jk=c918ed5ae7afae08
Python and PySpark Data Engineers,Iqubetechnologies Inc,"Seattle, WA",https://www.indeed.com/viewjob?jk=ab686139826f13b3
SR. PYTHON DEVELOPER,DAtec,"Reston, VA",https://www.indeed.com/viewjob?jk=d56411e53e04b705
Python Developer,Vizva Tech solutions LLC,"Dallas, TX",https://www.indeed.com/viewjob?jk=fd815a7687e78e18
Python Developer,VEDAINFO,"Benton, AR",https://www.indeed.com/viewjob?jk=7cea0c655eb09ba4
Junior Developer,First Soft Solutions [ Direct],"Monmouth Junction, NJ",https://www.indeed.com/viewjob?jk=00899cce4f507a8b
Instructor,Asia Halal Supermarket,"Arlington, VA",https://www.indeed.com/viewjob?jk=cc10c0eb7b2ae28b
Sr. Python Developer,KWS Pvt. Ltd,"Herndon, VA",https://www.indeed.com/viewjob?jk=b2e35996c7ac6038
Human Geographer / Regional Analyst SME,Maxar Technologies,"Quantico, VA",https://www.indeed.com/viewjob?jk=4cfeb78d3614b512
Python Developer,Solware IT tech,"McKinney, TX",https://www.indeed.com/viewjob?jk=9b2945a605d178bf
Python Developer,Lantern Tech Corps,"Atlanta, GA",https://www.indeed.com/viewjob?jk=2e22feb92f4301e1
Python Developer,ClifyX,"Menlo Park, CA",https://www.indeed.com/viewjob?jk=8ba6ce0c274e2da3
Python Developer,StarsHR,"Pittsburgh, PA",https://www.indeed.com/viewjob?jk=a604a803ae30c6c6
Linux Administration with strong networking & Python scripting,Tanisha Systems Inc.,"San Jose, CA",https://www.indeed.com/viewjob?jk=975ae051059df872
Python Developer,Tekwills LLC,"Princeton, NJ",https://www.indeed.com/viewjob?jk=c5bdfde6016ee0e7
"Test Engineer (Redhat Linux, Python & Shell) - SW952019",SyApps LLC,"Manassas, VA",https://www.indeed.com/viewjob?jk=e70b6a57b179e45e
Software Developer,LoanSmarter.com,"Miami, FL",https://www.indeed.com/viewjob?jk=0213b94c11dcc2a9
Python with PySpark,AE Business Solutions,United States,https://www.indeed.com/viewjob?jk=8658b640ca77a01b
Python Developer,adwait algorithm,"Township of Warren, NJ",https://www.indeed.com/viewjob?jk=ec5d2b2457c15686
Software Developer- Python scripting and some AWS knowledge,DSMH LLC,"Chicago, IL",https://www.indeed.com/viewjob?jk=434f615837eb0038
Data Execution Analyst,Bank of America,"Richmond, VA",https://www.indeed.com/viewjob?jk=aa57308f98cfb7c1
Word Wrangler/Data Delver,Boomerang (Baydin),"Sacramento, CA",https://www.indeed.com/viewjob?jk=57f4851ea354f421
Python Developer,Vizva Technologies,"Dallas, TX",https://www.indeed.com/viewjob?jk=36870741e377845c
Python Automation Engineer (Embedded Systems),HCL America,"Mountain View, CA",https://www.indeed.com/viewjob?jk=cf7304d6c514be93
Python Developer,Spotline Inc,"Pleasanton, CA",https://www.indeed.com/viewjob?jk=948469c9d78cd6cd
ETL/Python Developer,LoyaTech Services LLC,"Charlotte, NC",https://www.indeed.com/viewjob?jk=7262e97df0c89f8e
Part-Time Malware Analyst,The Media Trust,"McLean, VA",https://www.indeed.com/viewjob?jk=0ef900c9bf7fdd3e
"Business Analyst Rotation Program - Richmond, Va",CarMax,"Richmond, VA",https://www.indeed.com/viewjob?jk=90cafd9deffe557e
Python - Big Data,Eateam,"San Jose, CA",https://www.indeed.com/viewjob?jk=ff0e09598b6c0197
Python Developer,WadiTek,"Des Moines, IA",https://www.indeed.com/viewjob?jk=4f1805c30fe97f5a
Python Developer,IT America,"Des Moines, IA",https://www.indeed.com/viewjob?jk=3bee734729ec8045
Python Developer,NLB,"Irvine, CA",https://www.indeed.com/viewjob?jk=2b239b94c270d7b1
Senior Python Developer,"KIZEN Technologies, Inc.","Austin, TX",https://www.indeed.com/viewjob?jk=c41bd87e4002d7a4
Junior Quantitative Analyst,Guzman & Company,"New York, NY",https://www.indeed.com/viewjob?jk=ef81090e02327721
Software/Firmware Engineer,"Sierra-Olympic Technologies, Inc.","Hood River, OR",https://www.indeed.com/viewjob?jk=8ad5f27f2008d7c2
"Software Engineering, Many Specialties",Lumin,"Charlottesville, VA",https://www.indeed.com/viewjob?jk=86392dc6865df0bf
Python Developer,Seen by Indeed,"San Francisco, CA",https://www.indeed.com/viewjob?jk=8bb8de8d547e3215
Model/Anlys/Valid Sr Analyst,Citi,"Tampa, FL",https://www.indeed.com/viewjob?jk=da5a876b819c2659
Splunk Developer,Noblis,"Reston, VA",https://www.indeed.com/viewjob?jk=a2cadea9c4fe6bc6
Software/Firmware Engineer,"Sierra-Olympic Technologies, Inc.","Hood River, OR",https://www.indeed.com/viewjob?jk=8ad5f27f2008d7c2
Full Stack Python Developer,Value Labs,"Nashville, TN",https://www.indeed.com/viewjob?jk=3a69d2ed59c9fc6a
Workspace One Integration Consultant,DISYS,"San Francisco, CA",https://www.indeed.com/viewjob?jk=dd0461a86cbe510f
Senior Python Developer,Projas Technologies,"San Francisco, CA",https://www.indeed.com/viewjob?jk=4aab8b58b8b89c02
Senior Python Developer,"KIZEN Technologies, Inc.","Austin, TX",https://www.indeed.com/viewjob?jk=c41bd87e4002d7a4
Python Developer,Softsol Technologies Inc,"Bentonville, AR",https://www.indeed.com/viewjob?jk=f37f7a1e2da21b0d
Python Developer,IT America,"Des Moines, IA",https://www.indeed.com/viewjob?jk=3bee734729ec8045
Jr-Mid Python Developer,Vanjure,"Sterling, VA",https://www.indeed.com/viewjob?jk=ffcb657b894dc00f
Cybersecurity Intern (191791),Siemens,"Issaquah, WA",https://www.indeed.com/viewjob?jk=73cc791d1071c2a5
"Softwaer Engineer Intern (AWS, Python, SQL)",3M,"Albany, NY",https://www.indeed.com/viewjob?jk=6804b5403b3e5749
Sr. Full Stack Developer,Amiti Consulting Corp,"Reston, VA",https://www.indeed.com/viewjob?jk=45205b9cf7ca237c
Python Developer,ClifyX,"Menlo Park, CA",https://www.indeed.com/viewjob?jk=8ba6ce0c274e2da3
Software Programmer,Logistics For Hire,"Springfield, NJ",https://www.indeed.com/viewjob?jk=bfa45978cc36afcc
Python Developer,WadiTek,"Des Moines, IA",https://www.indeed.com/viewjob?jk=4f1805c30fe97f5a
"Business Analyst Rotation Program - Richmond, Va",CarMax,"Richmond, VA",https://www.indeed.com/viewjob?jk=90cafd9deffe557e
RPA Developer,Origin to Future,"Berlin, VT",https://www.indeed.com/viewjob?jk=9630680e0f8b125b
Esri Positions,"Trinity Global Consulting, LLC","Springfield, VA",https://www.indeed.com/viewjob?jk=a68cdac787417946
Coding Instructor,The Coder School Plymouth,"Plymouth, MI",https://www.indeed.com/viewjob?jk=ff07b3dbd61e53ca
Python Developer,Solware IT tech,"McKinney, TX",https://www.indeed.com/viewjob?jk=9b2945a605d178bf
Python Developer with Django & Angular,OptionSlam.com,"Spring Lake, MI",https://www.indeed.com/viewjob?jk=e95965b85a9a6ca4
Python Developer/ Django Developer,GENERIC SOLUTIONS INC,"Irving, TX",https://www.indeed.com/viewjob?jk=cda93581a074d01a
Sr. Python Developer,rpo international,"Cambridge, MA",https://www.indeed.com/viewjob?jk=5dd109a12b66168b
Python with PySpark,AE Business Solutions,United States,https://www.indeed.com/viewjob?jk=8658b640ca77a01b
Python Developer,"Visionet Systems, Inc","Pittsburgh, PA",https://www.indeed.com/viewjob?jk=0cde28f262a0353f
Python - Big Data,Eateam,"San Jose, CA",https://www.indeed.com/viewjob?jk=ff0e09598b6c0197
Entry Level Python Developer,Hexadus,"Raleigh, NC",https://www.indeed.com/viewjob?jk=2f15d8f5d4c86a21
Senior Python Developer,TraxRetail,"Duluth, GA",https://www.indeed.com/viewjob?jk=5a4e22e0dabf4230
Online Coding Teacher for Kids,Create & Learn,"Boulder, CO",https://www.indeed.com/viewjob?jk=7172063dbc128d95
Systems Engineer – Level,"DISYS Solutions, Inc.","Washington, DC",https://www.indeed.com/viewjob?jk=36110834516f59d1
Word Wrangler/Data Delver,Boomerang (Baydin),"Sacramento, CA",https://www.indeed.com/viewjob?jk=57f4851ea354f421
Python developer,princeton,"Columbus, OH",https://www.indeed.com/viewjob?jk=3cd71bebe413030e
Jr. Python Developer,adwait,"Township of Warren, NJ",https://www.indeed.com/viewjob?jk=98c4f7746b3b69b3
Data Pipeline Engineer/Python Developer,BuildFax,"Asheville, NC",https://www.indeed.com/viewjob?jk=335cb8e8f783db8c
Electronics Robotics instructor,ACES Learning Center,"Austin, TX",https://www.indeed.com/viewjob?jk=285b7bb63886bc74
"Master Software Engineer (Golang, Python and AWS)",Capital One - US,"Richmond, VA",https://www.indeed.com/viewjob?jk=269adc3cd65912d3
Python Developer,StarsHR,"Pittsburgh, PA",https://www.indeed.com/viewjob?jk=a604a803ae30c6c6
WebSphere Middleware Admin,CLS Bank International,"Ashburn, VA",https://www.indeed.com/viewjob?jk=5c076c1a075ea5c7
Django Developer,Mobelux,"Richmond, VA",https://www.indeed.com/viewjob?jk=d48affb7edca3309
Part time Coding Instructor: Teach Python / Scratch,Techno Smart Kids,"Sammamish, WA",https://www.indeed.com/viewjob?jk=296bd05a993764cb
Python Developer,JP Morgan Chase,"Houston, TX",https://www.indeed.com/viewjob?jk=1d56612d43bd9fcd
Senior Software Engineer (Python),JobRobin,"New York, NY",https://www.indeed.com/viewjob?jk=ff492431f838d361
Python Developer,Zodiac Inc,"Minneapolis, MN",https://www.indeed.com/viewjob?jk=9ded4bd21c1a63a1
Front End Developer Intern,Queentessence Inc.,"Miami, FL",https://www.indeed.com/viewjob?jk=9890cb20542392c9
"Part-Time Trainers needed in Data Science, Python, Hadoop, Spark",Princeton Data Labs,"Princeton, NJ",https://www.indeed.com/viewjob?jk=bb62657adaf77bff
Middleware Engineer,Vision Technology Services,"McLean, VA",https://www.indeed.com/viewjob?jk=a629d30ffd4a67c8
Linux Administration with strong networking & Python scripting,Tanisha Systems Inc.,"San Jose, CA",https://www.indeed.com/viewjob?jk=975ae051059df872
VR Visualization Intern,Corvid Technologies LLC,"Alexandria, VA",https://www.indeed.com/viewjob?jk=b20c0b673dd53403
"Senior Developer, GPU Platforms",Disaster Technologies Incorporated,"Arlington, VA",https://www.indeed.com/viewjob?jk=ffdff66889c94d43
Systems Engineer I,Clayton Homes,"Maryville, TN",https://www.indeed.com/viewjob?jk=ceaada3d24d57e5f
Python разработчик,WaveAccess,United States,https://www.indeed.com/viewjob?jk=d6df26980f5d9a81
Sr. level PHP/Python Developer,Streamline Verify,"Lakewood, NJ",https://www.indeed.com/viewjob?jk=286227b7f6348249
Senior Python Developer,"KIZEN Technologies, Inc.","Austin, TX",https://www.indeed.com/viewjob?jk=c41bd87e4002d7a4
Systems Engineer,Ascolta,"Hampton, VA",https://www.indeed.com/viewjob?jk=ec7c3cfda0044c3b
Junior Quantitative Analyst,Guzman & Company,"New York, NY",https://www.indeed.com/viewjob?jk=ef81090e02327721
Python Developer,StarsHR,"Pittsburgh, PA",https://www.indeed.com/viewjob?jk=c0f2a0218e9a8715
